"customer_id";"customer_name";"country";"gender";"signup_date"
1;"Customer_1";"Jordan";"Female";"2023-02-15"
2;"Customer_2";"Morocco";"Male";"2023-10-11"
3;"Customer_3";"UAE";"Male";"2022-11-14"
5;"Customer_5";"Morocco";"Female";"2022-08-13"
6;"Customer_6";"Saudi Arabia";"Female";"2022-08-22"
7;"Customer_7";"UAE";"Male";"2023-11-15"
8;"Customer_8";"UAE";"Female";"2023-10-26"
9;"Customer_9";"UAE";"Male";"2023-01-09"
10;"Customer_10";"Morocco";"Male";"2023-11-03"
11;"Customer_11";"Jordan";"Female";"2023-08-31"
12;"Customer_12";"UAE";"Female";"2023-04-17"
13;"Customer_13";"Morocco";"Male";"2022-08-21"
14;"Customer_14";"Saudi Arabia";"Male";"2023-11-23"
15;"Customer_15";"Jordan";"Female";"2022-04-23"
16;"Customer_16";"Saudi Arabia";"Female";"2023-05-12"
17;"Customer_17";"Jordan";"Female";"2023-03-18"
18;"Customer_18";"Morocco";"Male";"2023-07-18"
19;"Customer_19";"Egypt";"Male";"2022-09-25"
20;"Customer_20";"Jordan";"Male";"2023-05-25"
21;"Customer_21";"Saudi Arabia";"Male";"2023-01-21"
22;"Customer_22";"Morocco";"Male";"2023-01-22"
23;"Customer_23";"Jordan";"Male";"2022-04-23"
24;"Customer_24";"Egypt";"Female";"2023-09-05"
25;"Customer_25";"Egypt";"Male";"2023-09-17"
26;"Customer_26";"UAE";"Male";"2022-03-22"
27;"Customer_27";"UAE";"Male";"2023-11-30"
28;"Customer_28";"Saudi Arabia";"Female";"2022-04-23"
29;"Customer_29";"Jordan";"Male";"2022-01-02"
30;"Customer_30";"Jordan";"Male";"2023-10-04"
31;"Customer_31";"UAE";"Female";"2022-08-08"
32;"Customer_32";"Jordan";"Male";"2023-07-20"
33;"Customer_33";"Jordan";"Male";"2022-08-13"
34;"Customer_34";"Egypt";"Male";"2023-01-20"
35;"Customer_35";"UAE";"Male";"2023-02-07"
36;"Customer_36";"Morocco";"Male";"2023-09-30"
37;"Customer_37";"UAE";"Female";"2022-05-10"
38;"Customer_38";"Morocco";"Female";"2022-02-22"
39;"Customer_39";"Egypt";"Female";"2023-11-15"
40;"Customer_40";"Saudi Arabia";"Male";"2023-12-31"
41;"Customer_41";"Jordan";"Male";"2023-11-03"
42;"Customer_42";"Egypt";"Male";"2023-12-11"
44;"Customer_44";"Saudi Arabia";"Male";"2022-09-04"
45;"Customer_45";"Saudi Arabia";"Male";"2023-03-15"
46;"Customer_46";"Egypt";"Female";"2022-07-22"
48;"Customer_48";"Morocco";"Female";"2022-05-03"
49;"Customer_49";"Saudi Arabia";"Female";"2023-02-05"
50;"Customer_50";"Jordan";"Female";"2022-10-21"
51;"Customer_51";"Jordan";"Male";"2022-10-07"
52;"Customer_52";"Jordan";"Male";"2023-09-02"
53;"Customer_53";"Jordan";"Male";"2022-07-17"
54;"Customer_54";"Morocco";"Male";"2023-05-26"
55;"Customer_55";"UAE";"Male";"2022-05-24"
56;"Customer_56";"Egypt";"Male";"2023-09-01"
57;"Customer_57";"Jordan";"Male";"2022-07-20"
58;"Customer_58";"Saudi Arabia";"Female";"2022-05-04"
59;"Customer_59";"Jordan";"Male";"2022-07-06"
60;"Customer_60";"Saudi Arabia";"Female";"2022-11-22"
61;"Customer_61";"Saudi Arabia";"Male";"2023-04-09"
62;"Customer_62";"Jordan";"Male";"2022-12-15"
63;"Customer_63";"Morocco";"Male";"2023-10-22"
64;"Customer_64";"Saudi Arabia";"Female";"2023-02-07"
65;"Customer_65";"Saudi Arabia";"Female";"2022-12-12"
66;"Customer_66";"Jordan";"Female";"2023-05-26"
67;"Customer_67";"Saudi Arabia";"Female";"2022-05-27"
68;"Customer_68";"Saudi Arabia";"Male";"2022-05-28"
70;"Customer_70";"Jordan";"Male";"2023-05-04"
71;"Customer_71";"Egypt";"Male";"2023-10-02"
72;"Customer_72";"Morocco";"Female";"2023-07-05"
73;"Customer_73";"Morocco";"Female";"2022-12-04"
74;"Customer_74";"Saudi Arabia";"Female";"2023-10-03"
75;"Customer_75";"Morocco";"Female";"2023-04-18"
77;"Customer_77";"Egypt";"Female";"2023-02-19"
78;"Customer_78";"Jordan";"Female";"2022-10-25"
79;"Customer_79";"Jordan";"Female";"2023-09-03"
80;"Customer_80";"Jordan";"Male";"2022-09-20"
81;"Customer_81";"Morocco";"Female";"2022-05-24"
82;"Customer_82";"Egypt";"Female";"2022-12-12"
83;"Customer_83";"Morocco";"Male";"2023-09-16"
84;"Customer_84";"Morocco";"Female";"2023-07-26"
85;"Customer_85";"Egypt";"Male";"2022-01-02"
86;"Customer_86";"Egypt";"Male";"2022-10-31"
87;"Customer_87";"Egypt";"Female";"2022-09-11"
88;"Customer_88";"Egypt";"Male";"2023-10-14"
89;"Customer_89";"Jordan";"Male";"2023-03-29"
90;"Customer_90";"UAE";"Male";"2022-02-06"
91;"Customer_91";"UAE";"Male";"2022-06-09"
92;"Customer_92";"Egypt";"Female";"2022-01-09"
93;"Customer_93";"UAE";"Male";"2022-08-21"
94;"Customer_94";"UAE";"Female";"2022-04-09"
95;"Customer_95";"Egypt";"Male";"2023-10-21"
96;"Customer_96";"UAE";"Male";"2022-07-27"
97;"Customer_97";"Morocco";"Male";"2022-05-11"
98;"Customer_98";"Saudi Arabia";"Male";"2023-02-08"
99;"Customer_99";"Saudi Arabia";"Female";"2022-06-01"
100;"Customer_100";"Egypt";"Female";"2022-02-23"
